,model,features,pcs,init_type,nl_type,score,lower,upper
0,expansion,3,False,kaiming_uniform,relu,tensor(0.4734),0.3743492066860199,0.580007016658783
1,expansion,3,False,kaiming_normal,relu,tensor(0.3493),0.21703267097473145,0.483893483877182
2,expansion,3,False,xavier_uniform,relu,tensor(0.4733),0.36084771156311035,0.5772026777267456
3,expansion,3,False,xavier_normal,relu,tensor(0.3775),0.27012374997138977,0.49034494161605835
4,expansion,3,False,orthogonal,relu,tensor(0.3983),0.3044804632663727,0.482054203748703
