,model,features,pcs,init_type,nl_type,score,lower,upper
0,vit,12,False,kaiming_uniform,relu,tensor(0.5746),0.44946980476379395,0.6790110468864441
1,vit,60,False,kaiming_uniform,relu,tensor(0.5949),0.46832576394081116,0.7026909589767456
2,vit,600,False,kaiming_uniform,relu,tensor(0.5923),0.46891552209854126,0.6976107358932495
